{
    "identityPoolName": "literal_identity_pool",
    "allowUnauthenticatedIdentities": true,
    "resourceNameTruncated": "literaee18a401",
    "userPoolName": "literal_user_pool",
    "autoVerifiedAttributes": [
        "email"
    ],
    "mfaConfiguration": "OFF",
    "mfaTypes": [
        "SMS Text Message"
    ],
    "smsAuthenticationMessage": "Your authentication code is {####}",
    "smsVerificationMessage": "Your verification code is {####}",
    "emailVerificationSubject": "Your verification code",
    "emailVerificationMessage": "Your verification code is {####}",
    "defaultPasswordPolicy": false,
    "passwordPolicyMinLength": 8,
    "passwordPolicyCharacters": [],
    "requiredAttributes": [
        "email"
    ],
    "userpoolClientGenerateSecret": true,
    "userpoolClientRefreshTokenValidity": 30,
    "userpoolClientWriteAttributes": [
        "email"
    ],
    "userpoolClientReadAttributes": [
        "email"
    ],
    "userpoolClientLambdaRole": "literaee18a401_userpoolclient_lambda_role",
    "userpoolClientSetAttributes": false,
    "useDefault": "manual",
    "authSelections": "identityPoolAndUserPool",
    "resourceName": "literalAuth",
    "thirdPartyAuth": true,
    "authProviders": [
        "accounts.google.com"
    ],
    "usernameAttributes": [
        "email"
    ],
    "userPoolGroups": false,
    "adminQueries": false,
    "triggers": "{}",
    "hostedUI": false,
    "userPoolGroupList": [],
    "authRoleArn": {
        "Fn::GetAtt": [
            "AuthRole",
            "Arn"
        ]
    },
    "unauthRoleArn": {
        "Fn::GetAtt": [
            "UnauthRole",
            "Arn"
        ]
    },
    "parentStack": {
        "Ref": "AWS::StackId"
    },
    "permissions": [],
    "dependsOn": []
}