{
    "providers": {
        "awscloudformation": {
            "AuthRoleName": "amplify-literal-production-114446-authRole",
            "UnauthRoleArn": "arn:aws:iam::046525304497:role/amplify-literal-production-114446-unauthRole",
            "AuthRoleArn": "arn:aws:iam::046525304497:role/amplify-literal-production-114446-authRole",
            "Region": "us-east-1",
            "DeploymentBucketName": "amplify-literal-production-114446-deployment",
            "UnauthRoleName": "amplify-literal-production-114446-unauthRole",
            "StackName": "amplify-literal-production-114446",
            "StackId": "arn:aws:cloudformation:us-east-1:046525304497:stack/amplify-literal-production-114446/cc4d0500-5b12-11ea-883c-12002b7e66d1",
            "AmplifyAppId": "d3kn1jmjzilue"
        },
        "categories": {
            "auth": {
                "literalAuth": {
                    "googleClientId": "886430267359-qekh9bd4phv3hkp9h3pptdk8uvmjr0un.apps.googleusercontent.com"
                }
            },
            "function": {
                "CloudfrontOriginRequest": {},
                "GraphQLResolver": {}
            }
        }
    },
    "auth": {
        "literalAuth": {
            "service": "Cognito",
            "providerPlugin": "awscloudformation",
            "dependsOn": [],
            "output": {
                "GoogleWebClient": "886430267359-qekh9bd4phv3hkp9h3pptdk8uvmjr0un.apps.googleusercontent.com",
                "AppClientSecret": "ucuj3pmiopjeivahbr93medevjlv01nqj1vqo5er1jo79n5l2r5",
                "UserPoolId": "us-east-1_EWCESLVzL",
                "AppClientIDWeb": "h3mp7ptq4r54hk2ib7fg1eua0",
                "AppClientID": "1geu7qgt6hdrs4a3e9tn4leg1",
                "IdentityPoolId": "us-east-1:12bb0b85-e6e1-4964-9f0d-24d14b90398d",
                "IdentityPoolName": "literal_identity_pool__production",
                "UserPoolName": "literal_user_pool"
            },
            "lastPushTimeStamp": "2020-04-09T12:35:04.646Z",
            "providerMetadata": {
                "s3TemplateURL": "https://s3.amazonaws.com/amplify-literal-production-114446-deployment/amplify-cfn-templates/auth/literalAuth-cloudformation-template.yml",
                "logicalId": "authliteralAuth"
            }
        }
    },
    "api": {
        "literal": {
            "service": "AppSync",
            "providerPlugin": "awscloudformation",
            "output": {
                "authConfig": {
                    "additionalAuthenticationProviders": [],
                    "defaultAuthentication": {
                        "authenticationType": "AWS_IAM"
                    }
                },
                "GraphQLAPIIdOutput": "rkihsloeqbdabdpebem3fqqjuy",
                "GraphQLAPIEndpointOutput": "https://2dxxqoarong2jd4ukbeugsg5t4.appsync-api.us-east-1.amazonaws.com/graphql"
            },
            "lastPushTimeStamp": "2020-04-09T12:35:04.656Z",
            "providerMetadata": {
                "s3TemplateURL": "https://s3.amazonaws.com/amplify-literal-production-114446-deployment/amplify-cfn-templates/api/cloudformation-template.json",
                "logicalId": "apiliteral"
            },
            "lastPushDirHash": "OS64dZdGSOibnA/U9PgvE/Uk3i0="
        }
    },
    "function": {
        "GraphQLResolver": {
            "service": "Lambda",
            "providerPlugin": "awscloudformation",
            "build": true,
            "dependsOn": [
                {
                    "category": "auth",
                    "resourceName": "literalAuth",
                    "attributes": [
                        "UserPoolId"
                    ]
                },
                {
                    "category": "api",
                    "resourceName": "literal",
                    "attributes": [
                        "GraphQLAPIIdOutput",
                        "GraphQLAPIEndpointOutput"
                    ]
                },
                {
                    "category": "storage",
                    "resourceName": "literalStorage",
                    "attributes": [
                        "BucketName"
                    ]
                }
            ],
            "output": {
                "Region": "us-east-1",
                "Arn": "arn:aws:lambda:us-east-1:046525304497:function:GraphQLResolver-production",
                "Name": "GraphQLResolver-production",
                "LambdaExecutionRole": "literalLambdaRole334e4220-production"
            },
            "lastPushTimeStamp": "2020-04-09T12:35:04.657Z",
            "providerMetadata": {
                "s3TemplateURL": "https://s3.amazonaws.com/amplify-literal-production-114446-deployment/amplify-cfn-templates/function/GraphQLResolver-cloudformation-template.json",
                "logicalId": "functionGraphQLResolver"
            },
            "lastBuildTimeStamp": "2020-04-05T22:54:49.826Z",
            "lastPackageTimeStamp": "2020-04-06T01:02:54.957Z",
            "distZipFilename": "GraphQLResolver-302b665654363452476c-build.zip",
            "lastPushDirHash": "uIUzhRDI0HLshz5sv0094ohJdqk="
        },
        "CloudfrontOriginRequest": {
            "service": "Lambda",
            "providerPlugin": "awscloudformation",
            "build": true,
            "output": {
                "Region": "us-east-1",
                "Arn": "arn:aws:lambda:us-east-1:046525304497:function:CloudfrontOriginRequest-production",
                "Name": "CloudfrontOriginRequest-production",
                "LambdaExecutionRole": "literalLambdaRoleb0ae1f77-production",
                "VersionArn": "arn:aws:lambda:us-east-1:046525304497:function:CloudfrontOriginRequest-production:5"
            },
            "lastPushTimeStamp": "2020-04-09T12:35:04.659Z",
            "providerMetadata": {
                "s3TemplateURL": "https://s3.amazonaws.com/amplify-literal-production-114446-deployment/amplify-cfn-templates/function/CloudfrontOriginRequest-cloudformation-template.json",
                "logicalId": "functionCloudfrontOriginRequest"
            },
            "lastBuildTimeStamp": "2020-04-05T22:54:55.800Z",
            "lastPackageTimeStamp": "2020-04-06T01:02:53.805Z",
            "distZipFilename": "CloudfrontOriginRequest-564a485a506d4c626950-build.zip",
            "lastPushDirHash": "riuwdlmvlJx0GLdNLOFd3q0I32g="
        }
    },
    "storage": {
        "literalStorage": {
            "service": "S3",
            "providerPlugin": "awscloudformation",
            "dependsOn": [],
            "output": {
                "BucketName": "literal-storage114446-production",
                "Region": "us-east-1"
            },
            "lastPushTimeStamp": "2020-04-09T12:35:04.660Z",
            "providerMetadata": {
                "s3TemplateURL": "https://s3.amazonaws.com/amplify-literal-production-114446-deployment/amplify-cfn-templates/storage/s3-cloudformation-template.json",
                "logicalId": "storageliteralStorage"
            }
        }
    },
    "hosting": {
        "S3AndCloudFront": {
            "service": "S3AndCloudFront",
            "providerPlugin": "awscloudformation",
            "dependsOn": [
                {
                    "category": "function",
                    "resourceName": "CloudfrontOriginRequest",
                    "attributes": [
                        "VersionArn"
                    ]
                }
            ],
            "output": {
                "CloudFrontSecureURL": "https://d264aajke5tg9i.cloudfront.net",
                "S3BucketSecureURL": "https://literal-web-hosting-production-production.s3.amazonaws.com",
                "CloudFrontOriginAccessIdentity": "E3UUN47T4HSGTR",
                "WebsiteURL": "http://literal-web-hosting-production-production.s3-website-us-east-1.amazonaws.com",
                "CloudFrontDistributionID": "E17O7ACXZ3V6IU",
                "Region": "us-east-1",
                "HostingBucketName": "literal-web-hosting-production-production",
                "CloudFrontDomainName": "d264aajke5tg9i.cloudfront.net"
            },
            "lastPushTimeStamp": "2020-04-09T12:35:04.661Z",
            "providerMetadata": {
                "s3TemplateURL": "https://s3.amazonaws.com/amplify-literal-production-114446-deployment/amplify-cfn-templates/hosting/template.json",
                "logicalId": "hostingS3AndCloudFront"
            }
        }
    }
}