{
	"production": {
		"awscloudformation": {
			"Region": "us-east-1",
			"DeploymentBucketName": "amplify-literal-production-114446-deployment",
			"UnauthRoleName": "amplify-literal-production-114446-unauthRole",
			"StackName": "amplify-literal-production-114446",
			"StackId": "arn:aws:cloudformation:us-east-1:046525304497:stack/amplify-literal-production-114446/cc4d0500-5b12-11ea-883c-12002b7e66d1",
			"AuthRoleName": "amplify-literal-production-114446-authRole",
			"UnauthRoleArn": "arn:aws:iam::046525304497:role/amplify-literal-production-114446-unauthRole",
			"AuthRoleArn": "arn:aws:iam::046525304497:role/amplify-literal-production-114446-authRole"
		}
	}
}