{
	"AWSTemplateFormatVersion": "2010-09-09",
	"Description": "Lambda resource stack creation using Amplify CLI",
	"Parameters": {
		"env": {
			"Type": "String"
		},
		"authliteralAuthUserPoolId": {
			"Type": "String",
			"Default": "authliteralAuthUserPoolId"
		},
		"apiliteralGraphQLAPIIdOutput": {
			"Type": "String",
			"Default": "apiliteralGraphQLAPIIdOutput"
		},
		"apiliteralGraphQLAPIEndpointOutput": {
			"Type": "String",
			"Default": "apiliteralGraphQLAPIEndpointOutput"
		},
		"storageliteralStorageBucketName": {
			"Type": "String",
			"Default": "storageliteralStorageBucketName"
		}
	},
	"Conditions": {
		"ShouldNotCreateEnvResources": {
			"Fn::Equals": [
				{
					"Ref": "env"
				},
				"NONE"
			]
		}
	},
	"Resources": {
		"LambdaFunction": {
			"Type": "AWS::Lambda::Function",
			"Metadata": {
				"aws:asset:path": "./src/dist",
				"aws:asset:property": "Code"
			},
			"DependsOn": "ImageMagickLayer",
			"Properties": {
				"Handler": "dist/bundle.handler",
				"FunctionName": {
					"Fn::If": [
						"ShouldNotCreateEnvResources",
						"GraphQLResolver",
						{
							"Fn::Join": [
								"",
								[
									"GraphQLResolver",
									"-",
									{
										"Ref": "env"
									}
								]
							]
						}
					]
				},
				"Environment": {
					"Variables": {
						"ENV": {
							"Ref": "env"
						},
						"REGION": {
							"Ref": "AWS::Region"
						},
						"AUTH_LITERALAUTH_USERPOOLID": {
							"Ref": "authliteralAuthUserPoolId"
						},
						"API_LITERAL_GRAPHQLAPIIDOUTPUT": {
							"Ref": "apiliteralGraphQLAPIIdOutput"
						},
						"API_LITERAL_GRAPHQLAPIENDPOINTOUTPUT": {
							"Ref": "apiliteralGraphQLAPIEndpointOutput"
						},
						"STORAGE_LITERALSTORAGE_BUCKETNAME": {
							"Ref": "storageliteralStorageBucketName"
						}
					}
				},
				"Role": {
					"Fn::GetAtt": [
						"LambdaExecutionRole",
						"Arn"
					]
				},
				"Runtime": "nodejs10.x",
				"Timeout": "25",
				"Code": {
					"S3Bucket": "amplify-literal-production-114446-deployment",
					"S3Key": "amplify-builds/GraphQLResolver-302b665654363452476c-build.zip"
				},
				"Layers": [
					{
						"Ref": "ImageMagickLayer"
					}
				]
			}
		},
		"LambdaExecutionRole": {
			"Type": "AWS::IAM::Role",
			"Properties": {
				"RoleName": {
					"Fn::If": [
						"ShouldNotCreateEnvResources",
						"literalLambdaRole334e4220",
						{
							"Fn::Join": [
								"",
								[
									"literalLambdaRole334e4220",
									"-",
									{
										"Ref": "env"
									}
								]
							]
						}
					]
				},
				"AssumeRolePolicyDocument": {
					"Version": "2012-10-17",
					"Statement": [
						{
							"Effect": "Allow",
							"Principal": {
								"Service": [
									"lambda.amazonaws.com"
								]
							},
							"Action": [
								"sts:AssumeRole"
							]
						}
					]
				}
			}
		},
		"lambdaexecutionpolicy": {
			"DependsOn": [
				"LambdaExecutionRole"
			],
			"Type": "AWS::IAM::Policy",
			"Properties": {
				"PolicyName": "lambda-execution-policy",
				"Roles": [
					{
						"Ref": "LambdaExecutionRole"
					}
				],
				"PolicyDocument": {
					"Version": "2012-10-17",
					"Statement": [
						{
							"Effect": "Allow",
							"Action": [
								"logs:CreateLogGroup",
								"logs:CreateLogStream",
								"logs:PutLogEvents"
							],
							"Resource": {
								"Fn::Sub": [
									"arn:aws:logs:${region}:${account}:log-group:/aws/lambda/${lambda}:log-stream:*",
									{
										"region": {
											"Ref": "AWS::Region"
										},
										"account": {
											"Ref": "AWS::AccountId"
										},
										"lambda": {
											"Ref": "LambdaFunction"
										}
									}
								]
							}
						}
					]
				}
			}
		},
		"AmplifyResourcesPolicy": {
			"DependsOn": [
				"LambdaExecutionRole"
			],
			"Type": "AWS::IAM::Policy",
			"Properties": {
				"PolicyName": "amplify-lambda-execution-policy",
				"Roles": [
					{
						"Ref": "LambdaExecutionRole"
					}
				],
				"PolicyDocument": {
					"Version": "2012-10-17",
					"Statement": [
						{
							"Effect": "Allow",
							"Action": [
								"cognito-idp:ConfirmSignUp",
								"cognito-idp:AdminCreateUser",
								"cognito-idp:CreateUserImportJob",
								"cognito-idp:AdminSetUserSettings",
								"cognito-idp:AdminLinkProviderForUser",
								"cognito-idp:CreateIdentityProvider",
								"cognito-idp:AdminConfirmSignUp",
								"cognito-idp:AdminDisableUser",
								"cognito-idp:AdminRemoveUserFromGroup",
								"cognito-idp:SetUserMFAPreference",
								"cognito-idp:SetUICustomization",
								"cognito-idp:SignUp",
								"cognito-idp:VerifyUserAttribute",
								"cognito-idp:SetRiskConfiguration",
								"cognito-idp:StartUserImportJob",
								"cognito-idp:AdminSetUserPassword",
								"cognito-idp:AssociateSoftwareToken",
								"cognito-idp:CreateResourceServer",
								"cognito-idp:RespondToAuthChallenge",
								"cognito-idp:CreateUserPoolClient",
								"cognito-idp:AdminUserGlobalSignOut",
								"cognito-idp:GlobalSignOut",
								"cognito-idp:AddCustomAttributes",
								"cognito-idp:CreateGroup",
								"cognito-idp:CreateUserPool",
								"cognito-idp:AdminForgetDevice",
								"cognito-idp:AdminAddUserToGroup",
								"cognito-idp:AdminRespondToAuthChallenge",
								"cognito-idp:ForgetDevice",
								"cognito-idp:CreateUserPoolDomain",
								"cognito-idp:AdminEnableUser",
								"cognito-idp:AdminUpdateDeviceStatus",
								"cognito-idp:StopUserImportJob",
								"cognito-idp:InitiateAuth",
								"cognito-idp:AdminInitiateAuth",
								"cognito-idp:AdminSetUserMFAPreference",
								"cognito-idp:ConfirmForgotPassword",
								"cognito-idp:SetUserSettings",
								"cognito-idp:VerifySoftwareToken",
								"cognito-idp:AdminDisableProviderForUser",
								"cognito-idp:SetUserPoolMfaConfig",
								"cognito-idp:ChangePassword",
								"cognito-idp:ConfirmDevice",
								"cognito-idp:AdminResetUserPassword",
								"cognito-idp:ResendConfirmationCode",
								"cognito-identity:Describe*",
								"cognito-identity:Get*",
								"cognito-identity:List*",
								"cognito-idp:Describe*",
								"cognito-idp:AdminGetDevice",
								"cognito-idp:AdminGetUser",
								"cognito-idp:AdminList*",
								"cognito-idp:List*",
								"cognito-sync:Describe*",
								"cognito-sync:Get*",
								"cognito-sync:List*",
								"iam:ListOpenIdConnectProviders",
								"iam:ListRoles",
								"sns:ListPlatformApplications",
								"cognito-idp:ForgotPassword",
								"cognito-idp:UpdateAuthEventFeedback",
								"cognito-idp:UpdateResourceServer",
								"cognito-idp:UpdateUserPoolClient",
								"cognito-idp:AdminUpdateUserAttributes",
								"cognito-idp:UpdateUserAttributes",
								"cognito-idp:UpdateUserPoolDomain",
								"cognito-idp:UpdateIdentityProvider",
								"cognito-idp:UpdateGroup",
								"cognito-idp:AdminUpdateAuthEventFeedback",
								"cognito-idp:UpdateDeviceStatus",
								"cognito-idp:UpdateUserPool",
								"cognito-idp:DeleteUserPoolDomain",
								"cognito-idp:DeleteResourceServer",
								"cognito-idp:DeleteGroup",
								"cognito-idp:AdminDeleteUserAttributes",
								"cognito-idp:DeleteUserPoolClient",
								"cognito-idp:DeleteUserAttributes",
								"cognito-idp:DeleteUserPool",
								"cognito-idp:AdminDeleteUser",
								"cognito-idp:DeleteIdentityProvider",
								"cognito-idp:DeleteUser"
							],
							"Resource": [
								{
									"Fn::Join": [
										"",
										[
											"arn:aws:cognito-idp:",
											{
												"Ref": "AWS::Region"
											},
											":",
											{
												"Ref": "AWS::AccountId"
											},
											":userpool/",
											{
												"Ref": "authliteralAuthUserPoolId"
											}
										]
									]
								}
							]
						},
						{
							"Effect": "Allow",
							"Action": [
								"appsync:Create*",
								"appsync:StartSchemaCreation",
								"appsync:GraphQL",
								"appsync:Get*",
								"appsync:List*",
								"appsync:Update*",
								"appsync:Delete*"
							],
							"Resource": [
								{
									"Fn::Join": [
										"",
										[
											"arn:aws:appsync:",
											{
												"Ref": "AWS::Region"
											},
											":",
											{
												"Ref": "AWS::AccountId"
											},
											":apis/",
											{
												"Ref": "apiliteralGraphQLAPIIdOutput"
											},
											"/*"
										]
									]
								}
							]
						},
						{
							"Effect": "Allow",
							"Action": [
								"s3:PutObject",
								"s3:GetObject",
								"s3:ListBucket",
								"s3:DeleteObject"
							],
							"Resource": [
								{
									"Fn::Join": [
										"",
										[
											"arn:aws:s3:::",
											{
												"Ref": "storageliteralStorageBucketName"
											},
											"/*"
										]
									]
								}
							]
						}
					]
				}
			}
		},
		"ImageMagickLayer": {
			"Type": "AWS::Lambda::LayerVersion",
			"Properties": {
				"Content": {
					"S3Bucket": "awsserverlessrepo-changesets-plntc6bfnfj",
					"S3Key": "046525304497/arn:aws:serverlessrepo:us-east-1:145266761615:applications-image-magick-lambda-layer-versions-1.0.0/cc8f7984-1453-4338-826b-536d2127e3f5"
				},
				"LayerName": "image-magick",
				"Description": "Static build of ImageMagick for AWS Linux 2,",
				"LicenseInfo": "https://imagemagick.org/script/license.php",
				"CompatibleRuntimes": [
					"nodejs10.x"
				]
			}
		}
	},
	"Outputs": {
		"Name": {
			"Value": {
				"Ref": "LambdaFunction"
			}
		},
		"Arn": {
			"Value": {
				"Fn::GetAtt": [
					"LambdaFunction",
					"Arn"
				]
			}
		},
		"Region": {
			"Value": {
				"Ref": "AWS::Region"
			}
		},
		"LambdaExecutionRole": {
			"Value": {
				"Ref": "LambdaExecutionRole"
			}
		}
	}
}