{
    "bucketName": "literal-storage",
    "authPolicyName": "s3_amplify_b2ffb1d2",
    "unauthPolicyName": "s3_amplify_b2ffb1d2",
    "authRoleName": {
        "Ref": "AuthRoleName"
    },
    "unauthRoleName": {
        "Ref": "UnauthRoleName"
    },
    "selectedGuestPermissions": [
        "s3:PutObject",
        "s3:GetObject",
        "s3:ListBucket"
    ],
    "selectedAuthenticatedPermissions": [
        "s3:PutObject",
        "s3:GetObject",
        "s3:ListBucket"
    ],
    "s3PermissionsAuthenticatedPublic": "s3:PutObject,s3:GetObject",
    "s3PublicPolicy": "Public_policy_18c71317",
    "s3PermissionsAuthenticatedUploads": "s3:PutObject",
    "s3UploadsPolicy": "Uploads_policy_18c71317",
    "s3PermissionsAuthenticatedProtected": "s3:PutObject,s3:GetObject",
    "s3ProtectedPolicy": "Protected_policy_11a8f399",
    "s3PermissionsAuthenticatedPrivate": "s3:PutObject,s3:GetObject",
    "s3PrivatePolicy": "Private_policy_11a8f399",
    "AuthenticatedAllowList": "ALLOW",
    "s3ReadPolicy": "read_policy_18c71317",
    "s3PermissionsGuestPublic": "s3:PutObject,s3:GetObject",
    "s3PermissionsGuestUploads": "s3:PutObject",
    "GuestAllowList": "ALLOW",
    "triggerFunction": "NONE"
}