{
    "UserAgent": "aws-amplify-cli/2.0",
    "Version": "1.0",
    "api": {
        "plugins": {
            "awsAPIPlugin": {
                "literal": {
                    "endpointType": "GraphQL",
                    "endpoint": "https://2dxxqoarong2jd4ukbeugsg5t4.appsync-api.us-east-1.amazonaws.com/graphql",
                    "region": "us-east-1",
                    "authorizationType": "AWS_IAM"
                }
            }
        }
    },
    "storage": {
        "plugins": {
            "awsS3StoragePlugin": {
                "bucket": "literal-storage114446-production",
                "region": "us-east-1",
                "defaultAccessLevel": "guest"
            }
        }
    }
}