{
    "UserAgent": "aws-amplify-cli/0.1.0",
    "Version": "0.1.0",
    "IdentityManager": {
        "Default": {}
    },
    "CredentialsProvider": {
        "CognitoIdentity": {
            "Default": {
                "PoolId": "us-east-1:12bb0b85-e6e1-4964-9f0d-24d14b90398d",
                "Region": "us-east-1"
            }
        }
    },
    "CognitoUserPool": {
        "Default": {
            "PoolId": "us-east-1_EWCESLVzL",
            "AppClientId": "1geu7qgt6hdrs4a3e9tn4leg1",
            "AppClientSecret": "ucuj3pmiopjeivahbr93medevjlv01nqj1vqo5er1jo79n5l2r5",
            "Region": "us-east-1"
        }
    },
    "GoogleSignIn": {
        "Permissions": "email,profile,openid",
        "ClientId-WebApp": "886430267359-qekh9bd4phv3hkp9h3pptdk8uvmjr0un.apps.googleusercontent.com"
    },
    "Auth": {
        "Default": {
            "authenticationFlowType": "USER_SRP_AUTH"
        }
    },
    "AppSync": {
        "Default": {
            "ApiUrl": "https://2dxxqoarong2jd4ukbeugsg5t4.appsync-api.us-east-1.amazonaws.com/graphql",
            "Region": "us-east-1",
            "AuthMode": "AWS_IAM",
            "ClientDatabasePrefix": "literal_AWS_IAM"
        }
    },
    "S3TransferUtility": {
        "Default": {
            "Bucket": "literal-storage114446-production",
            "Region": "us-east-1"
        }
    }
}